,Word,Auditory.mean,Gustatory.mean,Haptic.mean,Interoceptive.mean,Olfactory.mean,Visual.mean,mixed
0,SIDE VIEW,0.0,0.0,0.0,0.529,0.0,5.0,visual
1,BRIGHTNESS,0.235,0.235,0.176,0.824,0.176,5.0,visual
2,BAR CODE,0.176,0.0,0.529,0.0,0.0,5.0,visual
3,SEE,0.056,0.0,0.0,0.333,0.0,5.0,visual
4,PRETTY,0.8,0.1,0.15,1.1,0.6,5.0,visual
5,SEEING,0.294,0.118,0.118,0.824,0.176,5.0,visual
6,WIKIPEDIA,0.526,0.0,0.421,0.0,0.0,5.0,visual
7,COLORS,0.706,0.412,0.412,0.765,0.412,5.0,visual
8,IN SIGHT,0.5,0.0,0.167,0.167,0.056,5.0,visual
9,SIGHT,0.053,0.0,0.158,1.158,0.0,5.0,visual
10,YOUTUBE,3.533,0.0,0.067,0.867,0.0,5.0,visual
11,FACE,0.25,0.35,3.1,0.45,0.3,4.95,visual
12,TV,4.5,0.0,0.65,0.3,0.0,4.95,visual
13,VIEW,0.1,0.0,0.05,0.35,0.05,4.95,visual
14,INTERNET SITE,2.474,0.368,0.474,0.579,0.263,4.947,visual
15,SKIES,0.263,0.0,0.158,0.316,0.632,4.947,visual
16,DAYTIME,1.526,0.211,0.316,1.158,0.789,4.947,visual
17,PICTURES,0.263,0.053,2.368,0.158,0.105,4.947,visual
18,WAR MEMORIAL,1.111,0.0,2.611,0.778,0.056,4.944,visual
19,BUS DRIVER,2.722,0.0,1.278,0.0,1.056,4.944,visual
20,COLOR,0.25,0.0,0.139,0.417,0.0,4.944,visual
21,FOOTBALL GAME,4.0,0.471,1.235,0.882,1.0,4.941,visual
22,FENCE LINE,0.412,0.059,2.353,0.0,0.0,4.941,visual
23,VISIBLE,0.118,0.0,0.353,0.294,0.0,4.941,visual
24,LONGHAIRED,0.059,0.0,2.412,0.059,0.235,4.941,visual
25,COLORFUL,0.438,0.062,0.0,0.312,0.062,4.938,visual
26,VAN,2.75,0.062,2.188,0.562,0.812,4.938,visual
27,EXTERIOR,0.333,0.067,2.067,0.267,0.333,4.933,visual
28,CREATURE,3.733,0.8,3.467,0.933,2.133,4.933,visual
29,BIOLUMINESCENCE,0.133,0.0,0.0,0.133,0.133,4.933,visual
30,OUTDOORS,3.0,0.357,2.429,1.571,3.071,4.929,visual
31,IMAGE,0.136,0.0,0.955,0.318,0.0,4.909,visual
32,CHARTREUSE,0.0,0.455,0.455,0.182,0.364,4.909,visual
33,CLOUD,0.0,0.0,0.35,0.05,0.15,4.9,visual
34,CARTOON,3.75,0.0,0.05,0.3,0.0,4.9,visual
35,WEB SITE,1.25,0.0,0.15,0.15,0.0,4.9,visual
36,BALLERINA,0.737,0.0,0.684,0.105,0.105,4.895,visual
37,PORTRAIT,0.333,0.0,1.111,0.278,0.056,4.889,visual
38,CHOREOGRAPHY,1.056,0.0,0.556,0.778,0.0,4.889,visual
39,EYE CONTACT,0.0,0.0,0.111,0.722,0.0,4.889,visual
40,SUNGLASSES,0.222,0.056,2.889,0.333,0.111,4.889,visual
41,CATERPILLAR,0.222,0.056,2.444,0.056,0.0,4.889,visual
42,SNOWY,0.833,0.444,3.333,0.444,0.556,4.889,visual
43,BEAUTY,1.833,0.278,1.278,1.444,0.444,4.889,visual
44,MULTICOLOR,0.706,0.353,0.294,0.471,0.294,4.882,visual
45,PINK,0.0,0.0,0.294,0.0,0.0,4.882,visual
46,TRAFFIC SIGNAL,0.294,0.0,0.059,0.0,0.0,4.882,visual
47,PLAYING CARD,0.824,0.0,3.706,0.0,0.0,4.882,visual
48,BASEBALL,2.647,0.235,4.059,1.118,0.882,4.882,visual
49,PRINTOUT,0.824,0.059,1.765,0.0,0.176,4.882,visual
50,RED LIGHT,0.412,0.176,0.176,0.294,0.176,4.882,visual
51,COLORATION,0.294,0.0,0.176,0.412,0.0,4.882,visual
52,ANIME,3.235,0.0,0.059,0.0,0.0,4.882,visual
53,FLATSCREEN,1.312,0.0,2.25,0.0,0.0,4.875,visual
54,RACOON,3.0,0.125,2.312,0.562,1.25,4.875,visual
55,SCREENSAVER,1.0,0.0,0.0,0.0,0.0,4.875,visual
56,PERSONAL COMPUTER,1.375,0.0,4.188,0.062,0.062,4.875,visual
57,WEBPAGE,1.0,0.0,0.062,0.0,0.0,4.875,visual
58,SIGNPOST,0.0,0.0,2.25,0.188,0.0,4.875,visual
59,DESK,0.375,0.0,3.0,0.062,0.062,4.875,visual
60,HOUSE,0.438,0.062,1.875,0.688,0.938,4.875,visual
61,GLEAM,0.714,0.357,0.5,0.357,0.357,4.857,visual
62,VISIBLY,0.357,0.0,0.429,0.143,0.0,4.857,visual
63,SPECTACLES,0.143,0.0,2.333,0.19,0.0,4.857,visual
64,LIGHTING,0.6,0.0,0.25,0.5,0.0,4.85,visual
65,SHINE,0.2,0.0,1.0,0.05,0.1,4.85,visual
66,FLYSWATTER,2.4,0.3,2.95,0.55,0.3,4.85,visual
67,PHOTO,0.35,0.2,2.1,0.4,0.15,4.85,visual
68,PROJECTIONIST,2.0,0.0,1.231,0.0,0.0,4.846,visual
69,ART EXHIBITION,1.053,0.211,0.842,1.158,0.316,4.842,visual
70,SHIRTLESS,0.105,0.0,2.0,0.368,0.0,4.842,visual
71,DECORATIVE,0.316,0.158,1.632,0.421,0.211,4.842,visual
72,COLORED,0.0,0.0,0.158,0.0,0.0,4.842,visual
73,SCREEN,1.316,0.0,2.474,0.158,0.0,4.842,visual
74,COLISEUM,1.778,0.167,0.889,0.278,0.333,4.833,visual
75,PALMTREE,0.944,0.0,2.444,0.0,0.5,4.833,visual
76,FRINGY,1.0,0.75,2.833,0.583,0.583,4.833,visual
77,VISIBILITY,0.5,0.111,0.389,0.667,0.167,4.833,visual
78,WATCH,1.5,0.056,2.667,1.0,0.167,4.833,visual
79,MIRROR,0.0,0.0,1.778,0.0,0.0,4.833,visual
80,HUTCH,0.333,0.0,2.167,0.0,0.75,4.833,visual
81,SCENIC,0.667,0.056,0.167,0.444,0.444,4.833,visual
82,HANDWRITTEN,0.0,0.0,1.278,0.278,0.0,4.833,visual
83,CLEAVAGE,0.0,0.5,3.278,1.056,0.278,4.833,visual
84,HOMEPAGE,0.333,0.0,0.111,0.222,0.056,4.833,visual
85,SEEABLE,0.222,0.0,0.222,0.278,0.0,4.833,visual
86,DARKEN,0.5,0.278,0.278,0.278,0.333,4.833,visual
87,SUNDRESS,0.389,0.278,2.389,0.333,0.278,4.833,visual
88,ROADWORK,3.222,0.222,0.556,0.5,0.667,4.833,visual
89,GOOD LOOKS,0.333,0.278,0.778,1.5,0.333,4.833,visual
90,HAIR DRYER,4.824,0.0,4.588,1.0,0.765,4.824,visual
91,STRING CHEESE,0.0,4.941,4.412,0.647,3.824,4.824,visual
92,MOVIE,4.412,0.0,0.176,0.176,0.0,4.824,visual
93,LION,3.882,0.471,1.824,0.941,0.941,4.824,visual
94,PATCHWORK QUILT,0.176,0.0,3.588,0.353,0.235,4.824,visual
95,REARVIEW MIRROR,0.118,0.0,2.118,0.235,0.059,4.824,visual
96,COMPUTER SYSTEM,2.176,0.0,2.471,0.0,0.176,4.824,visual
97,GLARING,0.529,0.176,0.118,0.941,0.353,4.824,visual
98,POSTMAN,2.882,0.0,0.941,0.0,0.059,4.824,visual
99,SUNFLOWER,0.059,0.588,2.647,0.0,1.588,4.824,visual
100,SMIRKING,0.059,0.0,0.294,1.059,0.0,4.824,visual
101,GRAPHICAL,0.412,0.0,0.471,0.235,0.0,4.824,visual
102,NIGHTLIGHT,0.118,0.0,0.824,0.235,0.0,4.824,visual
103,UPPERCASE,0.235,0.0,0.059,0.0,0.0,4.824,visual
104,FIREWORKS,4.588,0.118,1.294,1.0,1.882,4.824,visual
105,GIANTESS,1.25,0.0,1.312,0.625,0.062,4.812,visual
106,LONGHAIR,0.875,0.0,3.0,0.312,0.5,4.812,visual
107,MOUNTAIN BIKE,0.75,0.062,3.062,0.125,0.188,4.812,visual
108,NAKED,0.438,0.438,3.375,1.812,0.375,4.812,visual
109,ALLIGATOR,2.375,1.188,1.875,0.5,0.5,4.812,visual
110,PRETTINESS,0.562,0.062,1.375,1.25,0.375,4.812,visual
111,SWIMMINGPOOL,2.188,1.062,3.938,1.875,2.312,4.812,visual
112,ILLUSTRATION,0.5,0.062,1.5,0.188,0.0,4.812,visual
113,TENT,0.625,0.0,3.188,0.312,0.562,4.812,visual
114,WINDOWLESS,0.25,0.25,1.188,0.625,0.438,4.812,visual
115,LOOK AROUND,0.366,0.024,0.268,0.585,0.049,4.805,visual
116,APPEARANCE,0.25,0.0,0.85,0.4,0.25,4.8,visual
117,SWASTIKA,0.733,0.0,0.533,0.6,0.0,4.8,visual
118,TELECAST,4.533,0.0,0.0,0.067,0.0,4.8,visual
119,POWER LINE,0.933,0.0,1.133,0.267,0.533,4.8,visual
120,ARCHITECTURE,0.3,0.0,1.0,0.0,0.0,4.8,visual
121,WEBBROWSER,0.7,0.2,0.9,0.25,0.2,4.8,visual
122,BALL GAME,4.267,0.333,0.8,1.2,1.067,4.8,visual
123,SHIRT,0.333,0.4,4.2,0.533,0.8,4.8,visual
124,LIGHT BULB,0.158,0.0,2.053,0.105,0.053,4.789,visual
125,GLIMMER,0.105,0.0,0.368,0.579,0.0,4.789,visual
126,CAT,3.526,0.263,3.632,0.105,1.579,4.789,visual
127,TOOLBOX,0.737,0.0,2.421,0.0,0.263,4.789,visual
128,FEMALE,3.684,0.789,2.579,2.368,1.684,4.789,visual
129,EXPLODE,3.632,0.053,0.842,0.895,1.421,4.789,visual
130,CARTOON STRIP,0.643,0.071,1.571,0.429,0.357,4.786,visual
131,WEBLOG,0.5,0.0,0.286,0.214,0.0,4.786,visual
132,MARLIN,1.0,2.714,2.143,0.286,2.071,4.786,visual
133,TEXT MESSAGE,1.13,0.0,0.87,0.348,0.0,4.783,visual
134,MOON,0.111,0.056,0.222,0.222,0.056,4.778,visual
135,LIGHT SOURCE,0.167,0.222,0.444,0.389,0.278,4.778,visual
136,YARD,0.667,0.167,2.056,0.444,1.667,4.778,visual
137,SECRETARY,3.5,0.0,0.722,0.111,0.278,4.778,visual
138,SKYSCRAPER,0.167,0.0,2.056,0.0,0.0,4.778,visual
139,PICTOGRAPHY,0.444,0.056,0.833,0.333,0.056,4.778,visual
140,OVERCAST,0.111,0.0,0.0,0.167,0.0,4.778,visual
141,INCANDESCENCE,0.077,0.0,0.154,0.308,0.077,4.769,visual
142,FUCHSIA,0.385,0.077,0.538,0.538,0.231,4.769,visual
143,MASTERPIECE,2.647,0.824,1.706,1.235,0.471,4.765,visual
144,DAYLIGHT,0.294,0.294,0.471,1.412,0.059,4.765,visual
145,RECEPTION ROOM,1.471,0.294,1.471,0.235,0.529,4.765,visual
146,HARE,0.941,0.294,2.471,0.0,0.824,4.765,visual
147,DARKNESS,0.294,0.118,0.412,1.059,0.118,4.765,visual
148,ART GALLERY,0.588,0.059,0.882,0.882,0.353,4.765,visual
149,TWILIGHT,0.176,0.0,0.0,0.235,0.059,4.765,visual
150,DAYCARE,3.882,0.0,1.118,0.706,1.235,4.765,visual
151,CHART,0.529,0.059,1.353,0.412,0.059,4.765,visual
152,HAIRLESS,0.294,0.176,3.765,0.706,0.235,4.765,visual
153,SEGREGATION,2.353,0.0,0.235,1.529,0.0,4.765,visual
154,STEP STOOL,0.353,0.0,3.235,0.0,0.0,4.765,visual
155,HELICOPTER,4.647,0.0,1.235,0.588,0.235,4.765,visual
156,WEBCAM,1.882,0.0,2.059,0.471,0.0,4.765,visual
157,SITCOM,4.353,0.0,0.176,0.294,0.059,4.765,visual
158,SIRLOIN STEAK,0.412,4.353,2.765,0.471,4.059,4.765,visual
159,ATTRACTIVE,1.588,0.529,1.235,1.647,1.176,4.765,visual
160,CEREAL BOWL,0.588,0.294,3.765,0.176,0.176,4.765,visual
161,FLOWER GARDEN,0.412,0.294,2.529,0.471,3.647,4.765,visual
162,VIDEO,3.235,0.0,0.706,0.824,0.176,4.765,visual
163,BLUE JEANS,0.294,0.0,3.588,0.706,0.412,4.765,visual
164,CREEK,3.882,0.118,2.824,0.235,1.353,4.765,visual
165,CATTLE,3.412,0.765,2.765,0.059,2.824,4.765,visual
166,FIREWOOD,1.529,0.176,3.882,0.588,2.765,4.765,visual
167,DAYTIMES,1.143,0.048,0.381,1.286,0.286,4.762,visual
168,WATER FAUCET,2.905,0.619,3.81,0.143,0.238,4.762,visual
169,NUDITY,0.667,0.758,2.545,1.576,0.697,4.758,visual
170,ORNAMENT,0.6,0.05,2.2,0.2,0.15,4.75,visual
171,BASKETBALL PLAYER,3.188,0.375,1.625,0.562,0.938,4.75,visual
172,ENORMOUS,0.65,0.1,2.0,0.65,0.1,4.75,visual
173,VISUAL,0.25,0.0,0.25,0.05,0.0,4.75,visual
174,FRUMPY,0.375,0.0,0.562,1.0,0.188,4.75,visual
175,TELEPHOTOGRAPHIC,0.167,0.0,0.083,0.5,0.0,4.75,visual
176,TREE,1.45,0.3,2.9,0.6,1.5,4.75,visual
177,NIGHT,2.0,0.312,0.375,1.312,0.312,4.75,visual
178,TOWBOAT,3.25,0.5,2.062,0.5,0.688,4.75,visual
179,COMIC STRIP,0.45,0.05,1.55,0.55,0.1,4.75,visual
180,UNWRINKLED,0.65,0.0,2.85,0.4,0.0,4.75,visual
181,STYLISH,0.368,0.105,0.632,0.632,0.053,4.737,visual
182,SKY,0.316,0.105,0.053,0.526,0.105,4.737,visual
183,LED,0.211,0.053,0.632,0.0,0.0,4.737,visual
184,VISION,0.474,0.474,0.421,0.895,0.368,4.737,visual
185,MENU,1.211,0.421,2.684,0.105,0.158,4.737,visual
186,TABLE,0.684,0.053,3.263,0.158,0.158,4.737,visual
187,COLORFULNESS,0.316,0.263,0.316,0.579,0.105,4.737,visual
188,FRECKLES,0.067,0.0,1.133,0.133,0.0,4.733,visual
189,T-SHIRT,0.333,0.333,4.067,0.533,0.733,4.733,visual
190,COLOR WHEEL,0.067,0.0,0.267,0.067,0.0,4.733,visual
191,FINE PRINT,0.6,0.267,0.933,0.4,0.2,4.733,visual
192,UNDERDRESSED,0.267,0.133,0.8,1.2,0.067,4.733,visual
193,STARK NAKED,0.2,0.133,1.267,1.4,0.133,4.733,visual
194,CLOUDINESS,0.667,0.0,0.2,0.267,0.133,4.733,visual
195,WINGLESS,0.556,0.111,2.222,0.389,0.111,4.722,visual
196,DAYBREAK,0.611,0.333,0.278,0.778,0.333,4.722,visual
197,MAT,0.056,0.0,3.722,0.0,0.333,4.722,visual
198,MEASURING CUP,0.389,0.389,2.444,0.389,0.167,4.722,visual
199,HUMAN,4.056,0.5,3.333,2.222,1.667,4.722,visual
200,HANDSHAKE,0.0,0.0,4.944,0.444,0.0,3.667,haptic
201,PRICKLY,0.133,0.2,4.933,1.867,0.2,3.267,haptic
202,TOUCH,0.562,0.0,4.875,1.312,0.0,2.625,haptic
203,TOUCHING,0.2,0.05,4.85,1.95,0.0,1.7,haptic
204,VELVETINESS,0.316,0.579,4.842,0.368,0.0,2.316,haptic
205,RUB,0.833,0.167,4.778,1.556,0.278,3.167,haptic
206,RUBDOWN,0.647,0.059,4.765,3.176,0.647,3.118,haptic
207,GRIP,0.0,0.25,4.75,1.188,0.0,2.812,haptic
208,FONDLE,0.095,0.048,4.714,2.286,0.0,2.714,haptic
209,FEEL,1.0,1.235,4.706,2.706,0.824,1.412,haptic
210,CUDDLY,0.412,0.0,4.706,1.765,0.059,2.941,haptic
211,SOFTNESS,1.688,0.5,4.688,0.875,0.562,3.062,haptic
212,PETTED,0.375,0.0,4.688,1.312,0.125,3.312,haptic
213,SMOOTH,1.278,1.556,4.667,1.111,0.5,3.056,haptic
214,FURRINESS,0.333,0.095,4.667,0.571,0.238,3.667,haptic
215,PUTTYLIKE,0.471,0.059,4.647,0.588,0.059,3.941,haptic
216,SILKY,0.786,0.286,4.643,0.429,0.071,2.857,haptic
217,POKE,0.842,0.0,4.632,1.526,0.053,2.789,haptic
218,KNOB,0.412,0.0,4.588,0.235,0.0,3.765,haptic
219,TEXTURALLY,0.25,1.188,4.562,1.0,0.0,2.625,haptic
220,SMOOTHLY,0.722,1.056,4.556,1.444,0.167,2.333,haptic
221,HARD,1.15,0.2,4.55,1.5,0.05,2.9,haptic
222,MAKE LOVE,3.39,2.488,4.537,4.61,2.317,4.0,haptic
223,RUBBERY,0.706,0.588,4.529,0.0,1.059,3.647,haptic
224,SOFT,0.684,0.368,4.526,0.842,0.316,1.947,haptic
225,WET,1.636,1.182,4.5,2.0,0.955,3.045,haptic
226,SPONGINESS,0.857,0.429,4.5,0.714,0.143,3.214,haptic
227,ICE COLD,0.125,1.312,4.5,2.062,0.188,1.688,haptic
228,HOLDING,0.278,0.0,4.5,2.056,0.222,3.111,haptic
229,SHARP,1.143,1.095,4.476,1.143,0.381,3.714,haptic
230,CARESSING,0.632,0.368,4.474,2.263,0.368,1.895,haptic
231,COARSELY,1.0,1.0,4.471,0.882,0.176,2.353,haptic
232,UNSMOOTH,0.235,0.412,4.471,0.235,0.059,2.412,haptic
233,PAINFUL,1.824,0.471,4.471,4.882,0.706,2.765,haptic
234,STEERINGWHEEL,0.667,0.056,4.444,0.222,0.167,3.722,haptic
235,STURDINESS,0.556,0.0,4.444,0.722,0.0,3.889,haptic
236,HUG,0.688,0.312,4.438,2.75,0.438,2.5,haptic
237,ROUGHNESS,0.429,0.381,4.429,1.0,0.095,2.19,haptic
238,TUG,0.5,0.0,4.429,1.429,0.0,3.286,haptic
239,LUKEWARM,0.242,1.818,4.424,1.939,0.273,0.394,haptic
240,CUDDLE,0.632,0.0,4.421,2.368,1.0,2.632,haptic
241,HUGGING,0.632,0.053,4.421,1.842,0.158,3.474,haptic
242,PRICKING,0.474,0.105,4.421,2.368,0.053,1.316,haptic
243,CUSHIONY,0.211,0.0,4.421,0.684,0.0,2.895,haptic
244,HARDNESS,0.794,0.206,4.412,0.471,0.0,2.676,haptic
245,FLUFFY,0.0,0.294,4.412,0.353,0.0,3.765,haptic
246,FINGERTIP,0.333,0.133,4.4,0.733,0.0,3.467,haptic
247,ELECTRICAL SHOCK,1.75,0.15,4.4,3.9,0.85,1.8,haptic
248,CARESS,0.515,0.152,4.394,2.636,0.242,2.364,haptic
249,CASHMERE,0.389,0.222,4.389,0.611,0.611,2.778,haptic
250,FEELING,1.167,0.278,4.389,3.833,0.444,1.222,haptic
251,MASSAGE,0.722,0.056,4.389,2.833,0.333,1.278,haptic
252,PULL,1.0,0.056,4.389,2.222,0.056,2.389,haptic
253,BEDSHEET,0.238,0.19,4.381,0.762,0.429,3.286,haptic
254,SOGGINESS,0.25,0.812,4.375,0.0,0.188,3.812,haptic
255,TEXTURED,0.588,0.471,4.353,0.588,0.059,2.529,haptic
256,BRUSHES,1.059,0.353,4.353,1.059,0.353,3.824,haptic
257,FORNICATED,2.471,1.176,4.353,3.529,1.471,3.176,haptic
258,STICKINESS,0.824,1.0,4.353,0.353,0.176,2.765,haptic
259,HOLD,0.353,0.0,4.353,0.647,0.0,3.588,haptic
260,POKED,0.4,0.25,4.35,2.2,0.1,1.65,haptic
261,COARSENESS,1.1,0.35,4.35,0.8,0.15,3.2,haptic
262,GLOVE,0.0,0.0,4.333,0.611,0.389,3.389,haptic
263,DOORHANDLE,1.389,0.167,4.333,0.333,0.222,3.944,haptic
264,MASTURBATE,1.867,1.067,4.333,4.2,1.133,3.4,haptic
265,RIGID,1.222,0.167,4.333,1.667,0.056,3.833,haptic
266,PUNCH,1.722,0.5,4.333,2.611,0.333,3.833,haptic
267,KISSING,1.263,2.263,4.316,2.368,0.947,3.263,haptic
268,FONDLING,0.457,0.086,4.314,1.686,0.086,2.8,haptic
269,MASTURBATION,2.375,0.188,4.312,3.125,0.625,2.688,haptic
270,SLICKNESS,0.9,0.45,4.3,0.9,0.1,2.25,haptic
271,GRIPPING,0.9,0.05,4.3,1.95,0.05,2.35,haptic
272,BUMPY,0.75,0.05,4.3,1.45,0.0,3.45,haptic
273,SEMISOFT,0.118,0.588,4.294,0.588,0.0,3.765,haptic
274,VELVETY,0.944,1.0,4.278,0.667,0.0,3.167,haptic
275,FROZEN,0.444,0.944,4.278,1.611,0.444,3.611,haptic
276,OILINESS,0.611,1.889,4.278,0.778,1.778,2.611,haptic
277,SHAVED,0.556,0.167,4.278,1.111,0.722,3.833,haptic
278,SPONGY,0.278,0.444,4.278,0.333,0.056,3.889,haptic
279,VIBRATE,2.5,0.091,4.273,2.545,0.136,1.5,haptic
280,LUBRICATION,0.667,0.667,4.267,0.733,1.067,3.067,haptic
281,ABRASIVE,1.333,0.467,4.267,0.8,0.4,2.0,haptic
282,SMOOCH,2.267,0.8,4.267,1.867,0.067,3.8,haptic
283,TEXTURE,0.263,0.632,4.263,0.632,0.526,3.053,haptic
284,LOTION,0.211,0.368,4.263,0.316,3.316,3.263,haptic
285,CHOPSTICKS,0.526,1.211,4.263,0.421,0.474,3.789,haptic
286,FIRMNESS,0.684,1.211,4.263,1.368,0.368,2.053,haptic
287,JAGGEDNESS,0.15,0.15,4.25,0.5,0.05,3.45,haptic
288,COOLNESS,0.45,2.1,4.25,3.5,0.65,1.95,haptic
289,ACUPUNCTURE,0.286,0.0,4.238,2.667,0.143,2.476,haptic
290,TOUCHED,1.059,0.353,4.235,2.647,0.412,2.882,haptic
291,WETNESS,1.045,0.909,4.227,1.955,0.455,3.5,haptic
292,CARESSINGLY,0.611,0.0,4.222,2.056,0.0,2.667,haptic
293,HANDRAIL,0.389,0.0,4.222,0.111,0.278,3.333,haptic
294,WAXY,0.389,0.944,4.222,0.278,0.389,3.778,haptic
295,JOYSTICK,0.684,0.158,4.211,0.105,0.105,3.947,haptic
296,SHAKING HANDS,0.053,0.0,4.211,1.526,0.0,2.632,haptic
297,FELT,0.316,0.263,4.211,1.368,0.105,1.895,haptic
298,KNEADING,0.733,0.4,4.2,1.133,0.8,3.133,haptic
299,LUMPINESS,0.45,1.25,4.2,1.4,0.2,3.75,haptic
300,POLYESTER,0.3,0.0,4.2,0.4,0.25,3.85,haptic
301,FEATHERINESS,0.688,0.0,4.188,0.875,0.0,3.312,haptic
302,CARPET,0.25,0.0,4.188,0.625,0.375,3.375,haptic
303,FRENCH KISS,1.25,2.875,4.188,2.688,0.75,2.25,haptic
304,SEAT,0.588,0.0,4.176,0.588,0.059,3.882,haptic
305,BRUSHING,1.412,0.176,4.176,0.588,0.059,3.588,haptic
306,SLIMY,0.824,1.235,4.176,1.059,0.471,3.118,haptic
307,PUNCHING,1.222,0.111,4.167,1.889,0.056,3.0,haptic
308,THORNY,0.5,0.0,4.167,0.556,0.0,3.167,haptic
309,ARMBAND,0.444,0.056,4.167,0.5,0.278,3.556,haptic
310,GOOEY,0.778,1.944,4.167,1.5,0.278,3.778,haptic
311,BLANKET,0.211,0.053,4.158,0.684,0.947,3.368,haptic
312,COMB,0.579,0.0,4.158,0.842,0.053,3.895,haptic
313,SPACE BAR,1.789,0.0,4.158,0.211,0.0,3.684,haptic
314,SQUEEZE,1.45,0.4,4.15,1.55,0.15,3.45,haptic
315,BLISTER,0.0,0.19,4.143,2.714,0.0,3.905,haptic
316,HIGH TEMPERATURE,0.2,0.467,4.133,3.0,0.4,2.067,haptic
317,GREASINESS,0.267,2.8,4.133,0.133,1.267,3.4,haptic
318,SMOOTHNESS,0.5,1.812,4.125,0.812,0.125,2.875,haptic
319,FLUFFINESS,0.188,0.75,4.125,0.438,0.125,3.375,haptic
320,RUBBING,1.062,0.062,4.125,1.75,0.125,2.25,haptic
321,HANDKERCHIEF,0.062,0.0,4.125,0.062,0.375,3.875,haptic
322,HOT,0.647,1.765,4.118,2.412,0.824,1.706,haptic
323,SPANKING,2.529,0.0,4.118,1.647,0.0,2.765,haptic
324,COARSE,0.882,0.706,4.118,0.118,0.294,2.706,haptic
325,SPIKY,0.176,0.059,4.118,0.353,0.0,3.824,haptic
326,TICKLING,0.824,0.0,4.118,3.412,0.0,1.882,haptic
327,LATEX,0.588,0.294,4.118,0.235,1.471,3.588,haptic
328,KISSER,1.765,2.176,4.118,2.294,0.471,3.0,haptic
329,SOCK,0.167,0.167,4.111,0.278,1.667,3.611,haptic
330,BRAILLE,0.056,0.0,4.111,0.278,0.056,1.278,haptic
331,FUZZY,0.5,0.167,4.111,0.667,0.0,3.056,haptic
332,DAMPNESS,0.278,0.222,4.111,0.5,1.5,2.5,haptic
333,OUCH,0.684,0.053,4.105,4.211,0.0,1.316,haptic
334,PRESSING,0.263,0.316,4.105,2.579,0.105,1.632,haptic
335,FINGER,0.158,0.632,4.105,0.789,0.368,3.947,haptic
336,SWEATER,0.0,0.0,4.105,0.421,0.421,3.895,haptic
337,COLD,0.368,1.263,4.105,3.526,0.316,1.684,haptic
338,HOTNESS,1.0,1.474,4.105,2.526,0.947,2.316,haptic
339,ELASTIC BAND,0.75,0.1,4.1,0.25,0.5,3.65,haptic
340,WOOL,0.143,0.086,4.086,0.171,0.6,3.743,haptic
341,FOOTSY,0.462,0.077,4.077,1.308,0.308,1.615,haptic
342,TARLIKE,0.286,1.0,4.071,0.429,2.714,3.357,haptic
343,TOUCHABLE,0.688,0.438,4.062,0.812,0.062,2.75,haptic
344,HEAT,0.438,0.562,4.062,3.375,0.688,1.0,haptic
345,CLAMMILY,0.294,0.176,4.059,1.824,0.353,1.059,haptic
346,RUBBED,0.471,0.059,4.059,0.765,0.059,1.647,haptic
347,SLIME,0.529,0.824,4.059,0.176,1.353,3.765,haptic
348,WASHRAG,0.118,0.176,4.059,0.176,1.176,3.706,haptic
349,BACKSLAP,1.647,0.059,4.059,2.235,0.059,2.588,haptic
350,DOUGH,0.588,3.353,4.059,0.765,3.353,3.529,haptic
351,SLIPPERINESS,0.882,0.412,4.059,1.0,0.059,2.882,haptic
352,HANDWASH,1.778,0.333,4.056,0.611,1.778,3.167,haptic
353,NIGHTCLOTHES,0.278,0.056,4.056,1.111,0.389,4.0,haptic
354,THIGH,0.167,0.444,4.056,1.167,0.222,3.944,haptic
355,BODY LOTION,0.895,0.632,4.053,0.842,3.368,3.211,haptic
356,GAS PEDAL,0.789,0.263,4.053,0.474,0.263,3.053,haptic
357,CUSHION,0.053,0.0,4.053,0.632,0.053,2.737,haptic
358,RUBBER,0.579,0.368,4.053,0.158,2.684,4.0,haptic
359,POKE AT,0.368,0.0,4.053,1.368,0.0,3.105,haptic
360,RIGIDNESS,1.158,0.105,4.053,1.474,0.105,3.579,haptic
361,QUILT,0.684,0.105,4.053,0.684,0.526,3.842,haptic
362,MOISTURIZE,0.6,0.65,4.05,0.9,1.1,2.55,haptic
363,ELECTRIC SHOCK,1.45,0.2,4.05,3.3,0.5,2.35,haptic
364,FLESH,1.038,1.269,4.038,2.077,1.385,3.962,haptic
365,TOUCHPAD,0.571,0.143,4.0,0.357,0.0,2.286,haptic
366,KEYSTROKE,3.0,0.381,4.0,0.762,0.381,3.429,haptic
367,LOVEMAKING,3.611,3.056,4.0,4.111,3.167,4.0,haptic
368,PUSSY,1.5,2.778,4.0,2.667,2.778,3.889,haptic
369,UNPADDED,0.526,0.263,4.0,0.895,0.263,3.579,haptic
370,SOFTCOVER,0.25,0.0,4.0,0.0,0.062,4.0,haptic
371,THORNINESS,0.562,0.188,4.0,1.438,0.375,2.562,haptic
372,COMBING,0.778,0.167,4.0,0.889,0.389,2.889,haptic
373,PRICKLINESS,0.438,0.062,4.0,1.625,0.0,2.688,haptic
374,SOFTLY,2.167,0.278,4.0,1.444,0.167,1.944,haptic
375,GENTLY,1.438,0.062,4.0,2.188,0.0,1.75,haptic
376,STRANGLE,1.471,0.176,4.0,2.647,0.176,3.059,haptic
377,HARDENING,0.632,0.211,4.0,0.632,0.211,2.737,haptic
378,UNSCREWING,1.579,0.263,4.0,1.263,0.316,3.684,haptic
379,PRESS DOWN,0.933,0.467,4.0,1.133,0.867,3.533,haptic
380,MOIST,1.062,2.375,4.0,1.25,1.312,3.375,haptic
381,LINEN,0.55,0.1,4.0,0.25,1.45,4.0,haptic
382,TICKLE,0.875,0.0,4.0,3.062,0.125,1.812,haptic
383,FLUFFILY,0.688,1.062,4.0,0.5,0.438,3.0,haptic
384,COAT,0.361,0.0,4.0,0.528,0.667,3.861,haptic
385,COLDNESS,0.4,0.85,4.0,2.7,0.1,1.85,haptic
386,THICK,0.421,0.579,4.0,0.737,0.105,3.632,haptic
387,HANDSHAKING,0.45,0.0,4.0,0.55,0.1,3.1,haptic
388,SCALP,0.0,0.0,4.0,1.176,0.0,3.706,haptic
389,WATER BED,2.263,0.053,4.0,1.211,0.158,3.895,haptic
390,FOOTBATH,1.0,0.059,4.0,1.471,0.588,3.588,haptic
391,TACKLED,1.886,0.114,4.0,2.857,0.171,3.114,haptic
392,PAT,1.097,0.0,3.968,0.613,0.0,2.71,haptic
393,WETTER,0.652,0.435,3.957,0.87,0.261,3.0,haptic
394,SOAP,0.095,0.667,3.952,0.095,3.381,3.81,haptic
395,UNLOCKING,2.667,0.0,3.952,0.143,0.0,3.762,haptic
396,SUNSCREEN,0.143,0.476,3.952,0.714,2.857,2.81,haptic
397,SMOOTHER,1.0,0.7,3.95,0.8,0.05,3.1,haptic
398,MOSQUITO BITE,0.15,0.0,3.95,2.45,0.0,3.8,haptic
399,SPANK,2.6,0.0,3.95,2.1,0.0,2.85,haptic
400,INDISPOSITION,1.538,0.385,0.692,1.846,0.385,1.846,vh_low
401,IRONIC,3.294,0.176,0.235,1.0,0.176,1.882,vh_low
402,SLUMBER,1.111,0.167,0.611,3.556,0.111,2.0,vh_low
403,UNMINDFUL,1.5,0.0,0.0,1.714,0.0,1.857,vh_low
404,SUBJECTIVE,1.944,0.333,0.5,1.333,0.333,1.611,vh_low
405,EXHAUSTED,0.368,0.0,0.368,4.895,0.0,1.105,vh_low
406,OBLIGATORILY,1.467,0.067,0.2,1.8,0.067,1.867,vh_low
407,TYPOLOGICAL,0.722,0.278,0.444,0.333,0.611,1.889,vh_low
408,ASPECT,0.824,0.176,0.235,0.529,0.176,1.471,vh_low
409,HUFFILY,2.235,0.0,0.0,0.588,0.235,1.882,vh_low
410,POWERLESS,1.2,0.0,0.4,3.8,0.0,2.0,vh_low
411,ATONABLE,1.615,0.0,0.308,1.615,0.0,1.692,vh_low
412,CONDITIONAL,1.722,0.111,0.222,0.722,0.167,1.667,vh_low
413,TEMPORAL,0.875,0.188,0.625,2.125,0.062,1.312,vh_low
414,ANALOGUE,1.75,0.188,1.062,0.188,0.125,1.812,vh_low
415,CONTENTIOUS,1.615,0.0,0.077,1.808,0.0,1.385,vh_low
416,LEGALISTIC,1.611,0.0,0.056,0.389,0.0,1.667,vh_low
417,INEVITABILITY,1.111,0.167,0.5,1.778,0.333,1.833,vh_low
418,VACILLATION,1.385,0.154,1.154,1.692,0.462,1.846,vh_low
419,FORTUITOUS,0.727,0.091,0.091,1.636,0.091,1.909,vh_low
420,CAROTENE,0.083,0.917,0.0,0.5,0.0,1.0,vh_low
421,IMAGINATIVE,1.526,0.158,0.316,1.842,0.211,1.789,vh_low
422,CIRCULATIVE,1.083,0.083,0.333,0.917,0.0,2.0,vh_low
423,UNRESERVED,1.211,0.263,0.368,1.526,0.158,1.368,vh_low
424,SINCE,1.556,0.111,0.389,0.889,0.222,1.667,vh_low
425,CONSTITUTE,1.25,0.375,0.875,0.438,0.312,1.688,vh_low
426,PRECONCEIVED,1.294,0.176,0.353,0.941,0.294,1.059,vh_low
427,SPONSORSHIP,1.5,0.167,0.056,0.556,0.111,1.778,vh_low
428,FOLKLORISTIC,2.526,0.053,0.105,0.211,0.158,1.789,vh_low
429,AFTERTHOUGHT,1.312,0.188,0.125,1.188,0.25,1.875,vh_low
430,CODELESS,0.444,0.0,0.167,0.0,0.0,1.667,vh_low
431,CHASTENED,1.889,0.056,0.444,1.167,0.0,1.5,vh_low
432,PROSLAVERY,1.235,0.059,0.294,1.176,0.118,1.471,vh_low
433,MOVE ON,0.789,0.0,0.158,1.895,0.0,1.895,vh_low
434,POSTPONE,2.375,0.0,0.188,0.438,0.0,1.562,vh_low
435,FORETHOUGHTFULLY,1.333,0.0,0.133,1.933,0.0,1.267,vh_low
436,HUMIDIFY,0.167,0.111,1.778,1.333,0.444,1.444,vh_low
437,BILLON,0.947,0.0,0.105,0.526,0.0,1.526,vh_low
438,IDEOLOGIST,2.067,0.067,0.2,0.2,0.067,1.867,vh_low
439,DEDUCE,0.647,0.118,0.353,1.412,0.118,1.706,vh_low
440,VOCATIONAL,1.533,0.0,0.4,0.8,0.0,2.0,vh_low
441,DILEMMA,1.472,0.0,0.111,2.417,0.056,1.583,vh_low
442,ILLEGITIMATE,1.625,0.062,0.25,1.188,0.125,2.0,vh_low
443,REWORD,2.833,0.0,0.167,0.333,0.0,1.833,vh_low
444,FINALITY,1.615,0.0,0.077,2.769,0.077,1.615,vh_low
445,EASILY,0.5,0.167,1.0,1.111,0.167,1.611,vh_low
446,EUPHORIC,1.778,0.722,1.111,4.444,0.611,1.944,vh_low
447,EARNER,0.857,0.0,0.571,0.857,0.0,1.643,vh_low
448,SINLESS,0.944,0.0,0.167,1.556,0.0,1.5,vh_low
449,MELANCHOLIC,1.357,0.071,0.357,4.429,0.143,1.857,vh_low
450,DISQUALIFY,1.053,0.316,0.368,0.579,0.158,1.474,vh_low
451,FRETFUL,1.889,0.0,0.056,2.556,0.0,1.889,vh_low
452,INTELLECTUALISTIC,2.286,0.0,0.0,1.214,0.0,2.0,vh_low
453,SOULLESSLY,1.353,0.235,0.412,2.294,0.118,1.412,vh_low
454,TARTLY,0.556,3.778,0.389,1.0,0.667,1.0,vh_low
455,EGREGIOUSLY,2.0,0.091,1.091,1.0,0.364,1.727,vh_low
456,CONCERN,3.0,0.0,0.368,3.263,0.053,2.0,vh_low
457,CONSTITUTIONALISM,1.421,0.053,0.263,1.211,0.053,1.474,vh_low
458,CONSUMPTIVE,0.615,1.154,0.154,1.769,0.0,1.846,vh_low
459,PREDICATIVELY,0.824,0.059,0.059,0.588,0.0,1.529,vh_low
460,DISFAVOR,1.571,0.357,0.929,1.5,0.357,1.286,vh_low
461,UNLOOKED,0.429,0.143,0.286,1.143,0.071,1.571,vh_low
462,PRESUMPTUOUSNESS,2.303,0.061,0.121,1.394,0.061,1.788,vh_low
463,CERTAIN,1.812,0.312,0.375,2.625,0.375,1.75,vh_low
464,BANK HOLIDAY,1.167,0.111,0.167,0.667,0.111,1.722,vh_low
465,UNKNOWINGNESS,1.765,0.0,0.235,1.824,0.0,1.412,vh_low
466,TRUMPETING,4.5,0.062,0.438,0.812,0.062,1.875,vh_low
467,VASCULAR,0.3,0.1,0.6,2.35,0.05,1.8,vh_low
468,COLLECTIVIST,1.571,0.071,1.143,0.857,0.214,2.0,vh_low
469,FORMALIZE,1.176,0.0,0.176,0.706,0.0,1.647,vh_low
470,UTTERMOST,1.615,0.462,0.615,1.0,0.385,1.923,vh_low
471,EYESTRAIN,0.0,0.0,0.444,3.222,0.0,1.667,vh_low
472,DIGESTER,1.357,1.071,1.0,2.857,0.5,1.143,vh_low
473,BACKED,1.118,0.0,0.118,0.529,0.0,1.529,vh_low
474,UNSUBSIDIZED,0.941,0.294,0.353,0.471,0.235,1.412,vh_low
475,RITUALLY,1.667,0.0,0.389,1.0,0.0,1.833,vh_low
476,FLUKE,0.714,0.0,0.143,0.643,0.0,1.857,vh_low
477,GRATIFIED,1.176,0.118,0.412,2.588,0.176,2.0,vh_low
478,DELICIOUSLY,0.444,4.278,0.056,1.167,2.5,1.667,vh_low
479,ANTICHRIST,1.944,0.0,0.056,1.278,0.056,1.889,vh_low
480,NONRANDOM,0.706,0.412,0.412,0.588,0.294,1.765,vh_low
481,THANKFULNESS,1.895,0.0,0.579,2.579,0.0,2.0,vh_low
482,VIRULENTLY,1.154,0.538,0.923,1.692,0.615,1.692,vh_low
483,THEOLOGICALLY,1.875,0.0,0.062,1.812,0.0,1.625,vh_low
484,NONPLUS,1.467,0.0,0.0,0.6,0.0,2.0,vh_low
485,DEFENSIBILITY,0.8,0.0,0.067,1.533,0.0,1.667,vh_low
486,REALLY,1.842,0.474,0.579,0.737,0.474,1.684,vh_low
487,ABOLITION,0.727,0.0,0.273,1.182,0.0,1.273,vh_low
488,FRUGALNESS,1.111,0.222,0.5,0.889,0.056,1.778,vh_low
489,PEP TALK,4.421,0.0,0.0,0.737,0.0,1.632,vh_low
490,WINDED,1.667,0.111,0.5,3.222,0.056,1.722,vh_low
491,QUACKERY,1.467,0.133,0.133,0.267,0.133,1.0,vh_low
492,COMPANIONABLY,1.067,0.0,0.8,1.933,0.0,1.667,vh_low
493,ION,0.2,0.0,0.4,0.267,0.133,1.133,vh_low
494,SODIUM,0.333,4.056,1.111,0.833,0.278,1.944,vh_low
495,GLADLY,1.526,0.421,0.579,1.895,0.263,1.684,vh_low
496,REMORTGAGE,0.389,0.056,0.111,0.111,0.056,1.833,vh_low
497,BEMUSEDLY,0.917,0.083,0.0,1.833,0.0,1.5,vh_low
498,ARBITRATIVE,1.771,0.062,0.229,0.438,0.042,1.271,vh_low
499,BACTERIUM,0.267,0.467,0.267,1.8,0.867,1.733,vh_low
500,POSTULATE,2.571,0.071,0.429,2.0,0.0,1.0,vh_low
501,HENCE,1.467,0.0,0.0,0.8,0.0,1.267,vh_low
502,PHYSIOLOGICALLY,1.111,0.278,1.389,3.722,0.278,1.611,vh_low
503,OVERANALYZE,1.684,0.105,0.368,1.421,0.105,1.368,vh_low
504,ALIENABILITY,1.625,0.312,0.812,1.375,0.312,1.5,vh_low
505,VIGOR,1.556,0.167,0.333,4.0,0.167,1.889,vh_low
506,PROLAPSED,0.812,0.0,0.938,2.125,0.062,1.812,vh_low
507,EXCUSABLY,1.0,0.158,0.211,0.737,0.263,1.526,vh_low
508,REASON,2.95,0.0,0.0,2.0,0.0,1.8,vh_low
509,BLUSTERING,2.412,0.059,1.412,0.941,0.0,1.941,vh_low
510,INTERNALIZATION,1.75,0.25,0.375,2.312,0.125,1.5,vh_low
511,TELEPHONE CALL,4.875,0.0,1.188,0.062,0.0,1.375,vh_low
512,CAUSELESSLY,0.357,0.286,0.286,1.429,0.286,1.643,vh_low
513,UNADVISED,2.25,0.062,0.312,1.688,0.062,1.75,vh_low
514,DISEASE,0.429,0.333,1.19,3.619,0.81,1.952,vh_low
515,REFUTATION,2.667,0.417,0.208,1.083,0.208,1.833,vh_low
516,POTENTIATE,0.588,0.176,0.294,0.765,0.176,1.941,vh_low
517,MISTAKABLE,1.3,0.1,0.35,1.1,0.1,1.7,vh_low
518,SEMICONDUCTING,0.562,0.0,0.688,0.0,0.062,1.812,vh_low
519,REEVALUATE,1.789,0.053,0.211,0.895,0.105,1.737,vh_low
520,ULTIMATE,1.053,0.526,0.684,1.421,0.368,1.421,vh_low
521,REPUTEDLY,2.778,0.278,0.333,0.722,0.167,1.611,vh_low
522,MORALIST,2.176,0.294,0.294,1.294,0.235,1.471,vh_low
523,TRIBUNE,2.364,0.273,0.545,0.273,0.364,1.909,vh_low
524,LIKELY,1.176,0.235,0.294,1.353,0.235,1.765,vh_low
525,ASPIRING,1.667,0.0,0.143,2.524,0.0,2.0,vh_low
526,HYPERCRITICAL,2.125,0.0,0.0,1.062,0.0,2.0,vh_low
527,INSIGHTFUL,3.167,0.0,0.0,2.111,0.0,1.222,vh_low
528,VENTRICULAR,0.818,0.0,1.0,3.636,0.0,1.727,vh_low
529,NEEDLESSLY,1.0,0.25,0.312,0.875,0.25,1.438,vh_low
530,ESOTERICALLY,1.548,0.452,0.581,1.323,0.452,1.806,vh_low
531,BLESSEDLY,1.688,0.375,0.688,1.25,0.438,2.0,vh_low
532,DOWNTIME,0.773,0.0,0.318,2.0,0.136,1.682,vh_low
533,FORESEEABLE,0.889,0.278,0.278,1.556,0.278,1.944,vh_low
534,SPARE TIME,0.611,0.167,0.444,1.833,0.222,1.222,vh_low
535,UTTER,2.933,0.0,0.6,0.867,0.0,1.0,vh_low
536,EMASCULATOR,0.846,0.0,0.692,1.077,0.0,1.154,vh_low
537,UNCORRUPT,1.3,0.1,0.2,0.9,0.2,1.95,vh_low
538,TANG,0.2,3.6,0.733,1.2,1.0,1.867,vh_low
539,SLIGHT,1.333,0.381,0.476,0.952,0.286,1.857,vh_low
540,INSATIABLE,0.812,1.25,0.062,2.188,0.375,1.125,vh_low
541,RESTRICTEDLY,1.45,0.05,0.3,0.4,0.0,2.0,vh_low
542,DOTINGLY,1.273,0.182,0.909,1.545,0.455,1.727,vh_low
543,STATEWIDE,0.467,0.0,0.0,0.267,0.0,1.6,vh_low
544,OBTAINER,0.917,0.0,1.333,0.0,0.0,1.833,vh_low
545,FORESIGHTEDNESS,1.188,0.0,0.062,1.938,0.0,2.0,vh_low
546,PERMISSIBLY,2.529,0.353,0.412,1.294,0.176,1.529,vh_low
547,URGENTLY,1.812,0.5,0.812,3.0,0.5,1.938,vh_low
548,BELLOW,3.733,0.133,0.2,0.333,0.0,1.533,vh_low
549,REMINISCENCE,1.118,0.0,0.118,2.176,0.0,1.588,vh_low
550,EXCITABILITY,1.588,0.0,0.176,2.118,0.059,1.353,vh_low
551,PIOUS,1.824,0.176,0.471,2.353,0.294,1.765,vh_low
552,BRISK,1.0,0.471,1.294,1.647,0.353,1.588,vh_low
553,OVARIAN,0.812,0.0,0.531,0.906,0.031,1.625,vh_low
554,EVANGELICALLY,2.611,0.0,0.0,1.222,0.056,1.778,vh_low
555,WORTHWHILE,1.529,0.176,0.353,1.824,0.235,1.941,vh_low
556,COULD,1.529,0.176,0.412,1.647,0.118,1.412,vh_low
557,REFERRAL,1.7,0.0,0.0,0.45,0.0,1.5,vh_low
558,ALTERNATIVE,1.722,0.056,0.111,0.5,0.056,1.889,vh_low
559,SWORN,3.375,0.0,0.0,1.375,0.0,1.5,vh_low
560,IMPERSONAL,1.421,0.053,0.684,1.368,0.053,1.474,vh_low
561,SECRETIVENESS,2.105,0.053,0.474,1.684,0.053,1.474,vh_low
562,HYPERBOLICALLY,3.3,0.4,0.2,0.6,0.2,1.7,vh_low
563,SCHIZOID,1.429,0.357,0.357,0.929,0.286,1.5,vh_low
564,MENTION,4.5,0.0,0.188,0.25,0.0,1.438,vh_low
565,HEREIN,0.714,0.071,0.286,1.0,0.214,1.357,vh_low
566,URETHRA,0.211,0.105,0.842,2.211,0.211,1.474,vh_low
567,PHOTON,0.474,0.158,0.263,0.211,0.0,1.684,vh_low
568,ANCESTRY,0.706,0.118,0.059,0.294,0.0,1.529,vh_low
569,GUILE,1.667,0.0,0.067,0.867,0.0,1.467,vh_low
570,ADMIRABLY,1.824,0.059,0.235,1.294,0.118,1.647,vh_low
571,PSEUDONYM,2.118,0.0,0.0,0.176,0.0,1.471,vh_low
572,HARDLY,1.429,0.486,0.714,0.8,0.571,1.657,vh_low
573,PANCREAS,0.222,0.056,0.889,2.0,0.0,1.333,vh_low
574,UNSEEMLINESS,0.938,0.0,0.25,1.438,0.375,1.875,vh_low
575,BILINGUALISM,3.875,0.156,0.0,0.438,0.0,1.188,vh_low
576,SPECULATIVELY,1.444,0.111,0.056,1.444,0.111,1.778,vh_low
577,QUARK,0.467,0.0,0.333,0.667,0.0,1.867,vh_low
578,FREE WILL,1.0,0.361,0.389,3.222,0.167,1.25,vh_low
579,INTUITIVENESS,1.0,0.467,0.6,3.533,0.533,1.4,vh_low
580,LOCALIZABLE,0.769,0.385,0.538,0.615,0.077,1.615,vh_low
581,PHILOSOPHICAL,2.833,0.0,0.167,1.111,0.0,1.722,vh_low
582,SPECULATION,2.105,0.211,0.263,1.368,0.211,1.368,vh_low
583,INTERFAITH,1.154,0.0,0.231,1.615,0.0,1.154,vh_low
584,ALLERGENIC,0.438,0.188,0.938,2.688,0.5,1.062,vh_low
585,PRONTO,1.333,0.0,0.111,1.556,0.0,1.944,vh_low
586,BABBLE,4.0,0.053,0.474,0.526,0.053,1.211,vh_low
587,JOYLESSNESS,1.0,0.278,0.389,2.722,0.333,1.722,vh_low
588,INCONSUMABLE,0.2,1.85,1.25,1.45,1.55,1.6,vh_low
589,CONTINUALLY,0.824,0.353,0.471,0.412,0.412,1.882,vh_low
590,HIBERNATION,0.25,0.0,0.062,1.812,0.0,1.688,vh_low
591,MICROSECOND,1.059,0.118,0.176,0.647,0.0,1.118,vh_low
592,CHIME,4.235,0.0,1.118,0.059,0.0,1.941,vh_low
593,INTELLECTUALIZATION,2.312,0.0,0.062,1.875,0.0,1.938,vh_low
594,EXCUSER,2.25,0.25,0.3,0.85,0.25,1.5,vh_low
595,BLOODLUST,0.556,0.556,0.389,1.389,0.611,1.722,vh_low
596,VOICE,4.75,0.375,0.688,1.812,0.5,1.125,vh_low
597,NEW WAVE,3.118,0.0,0.059,0.706,0.0,1.529,vh_low
598,AIRING,1.611,0.333,1.0,0.389,0.722,1.778,vh_low
599,RINGER,3.533,0.067,0.467,0.267,0.0,1.867,vh_low
600,AFFIX,0.929,0.143,2.857,1.0,0.214,2.571,vh_med
601,SOAK UP,0.444,0.333,2.667,2.111,0.278,2.722,vh_med
602,SUCKING,2.688,1.438,2.625,2.625,0.375,2.938,vh_med
603,UNWIELDINESS,0.538,0.0,2.154,1.154,0.0,2.846,vh_med
604,STIFFEN,0.059,0.0,2.118,1.059,0.0,2.824,vh_med
605,SNATCH UP,0.647,0.059,2.529,0.588,0.059,2.941,vh_med
606,THYME,0.412,3.529,2.176,0.294,2.941,2.706,vh_med
607,ABSORBENCY,0.158,0.053,2.211,0.316,0.211,2.526,vh_med
608,ASSEMBLE,1.235,0.059,2.294,0.294,0.059,2.941,vh_med
609,OAR,0.412,0.0,2.353,0.118,0.176,3.0,vh_med
610,DRINKING,0.647,4.765,2.118,2.529,1.588,2.353,vh_med
611,CUTTER,0.889,0.222,2.167,1.0,0.5,3.0,vh_med
612,RESUSCITATION,1.714,0.357,2.357,2.643,0.286,2.786,vh_med
613,FLESHLY,0.867,0.467,2.133,0.867,0.667,2.8,vh_med
614,NONDRYING,0.188,0.0,2.438,0.312,0.0,2.375,vh_med
615,INTIMATELY,2.0,0.529,2.176,2.412,0.647,2.882,vh_med
616,ORAL,2.111,2.167,2.111,1.667,0.278,2.389,vh_med
617,MOUSSE,0.375,2.125,2.188,0.562,1.938,2.812,vh_med
618,NESTLE,0.706,0.412,2.765,0.824,0.588,2.118,vh_med
619,MOLESTATION,1.895,0.263,2.737,2.211,0.632,2.789,vh_med
620,VISCOUSLY,1.737,0.789,2.105,1.158,0.316,2.684,vh_med
621,INDESTRUCTIBILITY,0.737,0.0,2.526,0.737,0.105,2.632,vh_med
622,IGNITION,2.294,0.059,2.059,0.647,0.706,2.647,vh_med
623,ARIDITY,0.417,0.25,2.917,1.083,0.667,2.833,vh_med
624,DEMOUNT,0.667,0.133,2.0,1.067,0.133,2.267,vh_med
625,EMULSIFIER,0.571,1.071,2.071,0.429,0.357,2.857,vh_med
626,KERNEL,0.824,1.529,2.0,0.059,0.353,2.647,vh_med
627,PLEASURE,2.1,2.3,2.8,4.4,1.95,2.8,vh_med
628,UNFROSTED,0.0,1.941,2.059,0.0,0.235,2.529,vh_med
629,STEPS,2.167,0.0,2.111,0.611,0.056,2.944,vh_med
630,MOUTH,1.211,2.0,2.579,1.263,0.737,2.947,vh_med
631,USE,1.389,1.167,2.778,1.0,1.222,2.111,vh_med
632,KNOBLIKE,0.176,0.176,2.588,0.235,0.235,2.941,vh_med
633,CHALKY,0.444,2.389,2.667,0.444,0.722,2.333,vh_med
634,SEPARABLE,0.5,0.0,2.5,0.375,0.0,2.812,vh_med
635,TWITCHINGLY,0.143,0.0,2.357,2.143,0.0,2.143,vh_med
636,SOAKER,0.737,0.053,2.0,0.711,0.079,2.632,vh_med
637,SOWING,0.222,0.056,2.444,0.222,0.222,2.556,vh_med
638,HORNY,0.733,0.2,2.933,4.6,0.467,2.533,vh_med
639,SEMIDRYING,0.2,0.0,2.2,0.3,0.4,2.3,vh_med
640,WELT,0.0,0.0,2.4,0.933,0.067,2.933,vh_med
641,INSULATOR,0.667,0.0,2.333,0.556,0.278,2.833,vh_med
642,LABIA,0.0,1.0,2.643,1.357,0.929,2.929,vh_med
643,TOPOLOGICAL,0.529,0.176,2.176,0.294,0.176,2.765,vh_med
644,UNLOOSE,0.444,0.0,2.0,1.0,0.0,2.611,vh_med
645,ENCAPSULATE,0.684,0.0,2.316,0.421,0.0,2.895,vh_med
646,DUSTPROOF,0.357,0.0,2.071,0.571,0.071,2.786,vh_med
647,SHAPING,0.125,0.125,2.312,0.188,0.062,2.438,vh_med
648,RIND,0.556,1.611,2.5,0.389,1.5,3.0,vh_med
649,PROCTOLOGIST,1.235,0.0,2.235,1.353,0.059,2.941,vh_med
650,ANGLING,0.938,0.0,2.188,0.25,0.125,2.875,vh_med
651,ASPIRIN,0.056,2.944,2.333,1.444,0.889,2.611,vh_med
652,PIGGYBACK,0.75,0.1,2.6,0.6,0.15,2.6,vh_med
653,SANDING,1.474,0.0,2.474,0.158,0.053,2.474,vh_med
654,SILKWEED,0.267,0.6,2.667,0.467,1.6,2.667,vh_med
655,CLING TO,0.722,0.111,2.722,0.5,0.167,2.778,vh_med
656,SODOMY,1.389,0.111,2.556,2.222,0.278,2.222,vh_med
657,TOUGHEN,1.294,0.294,2.235,1.471,0.059,2.529,vh_med
658,PROCTOLOGY,0.75,0.062,2.312,2.812,0.625,2.625,vh_med
659,CONNECTION,1.158,0.474,2.053,1.579,0.579,2.684,vh_med
660,STUBBED,1.176,0.0,2.941,3.0,0.0,2.647,vh_med
661,BRISKNESS,1.118,0.235,2.353,1.471,0.412,2.471,vh_med
662,LOVING,2.05,0.55,2.5,3.7,0.6,2.65,vh_med
663,CHALKINESS,0.111,2.667,2.833,0.389,0.5,2.667,vh_med
664,TUGGING,0.562,0.0,2.312,1.312,0.188,2.0,vh_med
665,OILSKIN,0.0,0.0,2.8,0.133,0.4,2.133,vh_med
666,INTIMATE,2.08,0.48,2.24,2.96,0.6,2.72,vh_med
667,SOOTINESS,0.917,1.25,3.0,1.25,1.833,2.833,vh_med
668,CATHETER,0.235,0.0,2.0,2.118,0.294,2.471,vh_med
669,DENSITY,0.4,0.25,2.5,0.7,0.0,2.9,vh_med
670,TEMPERATURE,0.111,0.778,2.944,2.444,0.056,2.111,vh_med
671,GRAPHITE,0.571,0.0,2.714,0.071,0.929,2.643,vh_med
672,CROWNWORK,0.727,0.273,2.0,1.091,0.091,2.818,vh_med
673,UNTWIST,0.333,0.0,2.056,0.111,0.167,2.611,vh_med
674,FRICTION,1.412,0.0,2.882,0.941,0.176,2.529,vh_med
675,THICKLY,0.471,0.824,2.118,0.647,0.529,2.118,vh_med
676,TENDERLY,1.25,0.0,2.375,1.75,0.0,2.125,vh_med
677,EJACULATORY,1.135,0.568,2.486,3.892,0.973,3.0,vh_med
678,KNEELER,1.0,0.462,2.154,0.538,0.846,3.0,vh_med
679,SHOCK,1.842,0.684,2.053,3.737,0.895,2.263,vh_med
680,ZIPS,2.267,0.2,2.133,0.6,0.267,2.467,vh_med
681,HURTING,2.211,0.053,2.421,4.368,0.053,2.579,vh_med
682,SLACKNESS,0.421,0.0,2.632,1.158,0.053,2.632,vh_med
683,TUCK,0.133,0.0,2.133,0.533,0.0,2.2,vh_med
684,LICE,0.25,0.125,2.0,1.625,0.094,2.625,vh_med
685,STUNG,0.778,0.222,2.861,2.833,0.25,2.278,vh_med
686,BLOATING,0.312,0.0,2.062,3.562,0.062,2.938,vh_med
687,BUNKBED,0.778,0.0,2.556,0.5,0.167,2.833,vh_med
688,BRISTLED,0.95,0.05,2.7,1.1,0.0,2.8,vh_med
689,FORCIBLENESS,2.462,0.077,2.077,1.231,0.0,2.692,vh_med
690,FREEHANDEDNESS,0.467,0.2,2.0,1.0,0.2,2.933,vh_med
691,LIP,0.647,1.471,2.941,1.176,0.353,2.941,vh_med
692,LANCES,0.375,0.0,2.062,0.875,0.062,3.0,vh_med
693,BOUGHT,2.0,0.444,2.167,0.611,0.389,3.0,vh_med
694,AUGMENTATION,0.857,0.714,2.143,1.357,0.643,2.929,vh_med
695,VALENTINE,1.895,0.316,2.0,1.263,0.526,2.947,vh_med
696,FANNING,1.278,0.0,2.444,0.778,0.111,2.778,vh_med
697,COMFORTABLY,1.889,0.333,2.056,3.278,0.333,2.389,vh_med
698,HEAT PUMP,1.1,0.0,2.6,0.4,0.15,2.95,vh_med
699,REFOLD,0.389,0.111,2.833,0.167,0.167,2.667,vh_med
700,HANDPICK,1.0,0.0,2.118,0.471,0.0,3.0,vh_med
701,DISHPAN,0.235,0.0,2.294,0.0,0.235,2.706,vh_med
702,UNWIELDY,1.235,0.647,2.0,1.529,0.471,3.0,vh_med
703,PRESSINGLY,1.25,0.188,2.188,1.438,0.188,2.188,vh_med
704,PRONG,0.429,0.286,2.214,0.571,0.0,2.929,vh_med
705,SQUIRMING,1.0,0.143,2.286,1.714,0.071,2.857,vh_med
706,DAGGERED,0.667,0.067,2.8,1.4,0.067,2.8,vh_med
707,FEATHERWEIGHT,0.556,0.056,2.722,0.944,0.0,2.222,vh_med
708,OBTAINMENT,1.071,0.214,2.286,0.571,0.143,2.786,vh_med
709,INFLAMMATION,0.316,0.158,2.684,2.526,0.263,2.895,vh_med
710,PRIED,1.167,0.25,2.083,0.333,0.083,2.083,vh_med
711,NIP,1.312,0.75,2.062,1.375,0.562,2.562,vh_med
712,GUMMING,0.733,1.467,2.067,0.8,0.133,2.667,vh_med
713,PENETRATOR,1.231,0.615,2.192,2.115,0.462,2.615,vh_med
714,WOVE,0.333,0.0,2.556,0.167,0.0,2.5,vh_med
715,EARPLUG,1.52,0.0,2.88,0.44,0.04,2.6,vh_med
716,WINTERISH,0.938,0.625,2.438,1.875,1.125,2.812,vh_med
717,TUNING,3.588,0.529,2.235,0.824,0.353,2.294,vh_med
718,REWEAVE,0.133,0.0,2.067,0.067,0.067,2.6,vh_med
719,PLASTICALLY,0.357,0.214,2.143,0.286,0.786,2.571,vh_med
720,PULP,0.278,3.222,2.333,0.5,0.944,3.0,vh_med
721,STRONG,1.421,0.632,2.684,2.368,0.368,2.947,vh_med
722,FIBER,0.632,2.158,2.211,0.737,0.842,2.737,vh_med
723,SOFTWOOD,0.294,0.176,2.176,0.0,0.235,3.0,vh_med
724,MOTHERING,1.476,0.19,2.0,2.381,0.333,2.619,vh_med
725,PULSATION,1.579,0.0,2.947,2.632,0.0,2.316,vh_med
726,IMMERSE,1.125,0.188,2.062,1.562,0.125,2.75,vh_med
727,FORCELESS,0.706,0.294,2.0,2.118,0.294,2.471,vh_med
728,HOIST,0.714,0.0,2.5,1.286,0.0,2.929,vh_med
729,MARROWBONE,0.125,1.312,2.25,0.312,0.875,2.875,vh_med
730,KAZOO,4.429,0.214,2.143,0.143,0.0,2.929,vh_med
731,PARSLEY,0.4,3.55,2.05,0.55,3.1,2.95,vh_med
732,HORSEHIDE,0.158,0.053,2.421,0.0,1.263,2.684,vh_med
733,GONAD,1.077,0.538,2.0,0.846,0.538,2.692,vh_med
734,PAMPERED,1.263,0.526,2.526,1.789,0.316,2.737,vh_med
735,EATING,1.45,4.75,2.55,2.8,2.65,2.9,vh_med
736,INTERLACE,0.2,0.067,2.133,0.2,0.133,2.933,vh_med
737,ACQUIRE,0.824,0.647,2.176,1.0,0.588,2.824,vh_med
738,NONGASEOUS,1.455,1.0,2.182,0.727,1.636,2.545,vh_med
739,EXTREMITY,0.619,0.238,2.286,1.714,0.19,2.476,vh_med
740,SCROUNGE,1.333,0.333,2.25,0.667,0.583,2.5,vh_med
741,PINEY,1.0,0.462,2.077,0.923,3.462,2.462,vh_med
742,GRINDING,2.667,0.333,2.278,1.444,0.5,2.889,vh_med
743,OUTWRESTLE,0.444,0.056,2.556,1.444,0.056,2.389,vh_med
744,RESISTANCE,1.824,0.059,2.647,1.941,0.059,2.471,vh_med
745,VERTEBRA,0.188,0.0,2.688,2.812,0.0,2.562,vh_med
746,LOVE,2.056,0.722,3.0,4.389,1.056,2.667,vh_med
747,PUFFED,0.947,0.877,2.175,1.491,0.351,2.842,vh_med
748,STRANGLES,1.143,0.357,2.857,1.786,0.357,2.643,vh_med
749,PINCHER,0.167,0.167,3.0,0.278,0.111,2.222,vh_med
750,SHOCK ABSORBER,1.0,0.0,2.105,1.158,0.105,2.579,vh_med
751,HURT,1.722,0.333,2.056,3.944,0.333,2.611,vh_med
752,RELOCK,1.4,0.0,2.15,0.15,0.0,2.75,vh_med
753,IMMOVABLE,0.067,0.0,2.733,0.8,0.0,2.4,vh_med
754,SHOCKPROOF,0.812,0.125,2.312,1.375,0.125,2.562,vh_med
755,SHAGGED,0.938,0.75,2.812,2.188,0.625,2.688,vh_med
756,CREATE,1.3,0.6,2.2,1.35,0.5,2.8,vh_med
757,WARPED,1.111,0.333,2.056,1.222,0.389,2.889,vh_med
758,KICKABLE,0.35,0.0,2.5,0.75,0.05,2.75,vh_med
759,KINETICALLY,0.857,0.357,2.357,1.786,0.143,2.5,vh_med
760,INSULATE,0.118,0.0,2.647,1.0,0.0,2.765,vh_med
761,FLOURY,0.188,2.562,2.125,0.0,1.312,2.562,vh_med
762,TWEEZE,0.412,0.0,3.0,0.706,0.0,3.0,vh_med
763,CLAWED,1.056,0.056,2.833,1.056,0.167,2.667,vh_med
764,REMOVE,0.75,0.375,2.0,1.125,0.188,2.625,vh_med
765,ENVELOP,0.389,0.389,2.5,1.389,0.278,2.722,vh_med
766,INTRAVENOUS,0.75,0.062,2.812,3.25,0.125,2.125,vh_med
767,BUNION,0.0,0.0,2.882,1.235,0.0,2.941,vh_med
768,INFLATEDNESS,0.947,0.158,2.526,1.842,0.316,2.737,vh_med
769,POLYVINYL,0.333,0.0,2.0,0.0,0.867,2.6,vh_med
770,TAPS,3.167,0.167,2.944,1.111,0.111,2.833,vh_med
771,TUFT,0.188,0.188,2.312,0.312,0.125,2.188,vh_med
772,UNGENTLE,1.833,0.0,2.5,1.333,0.0,2.722,vh_med
773,SHEATHE,0.824,0.0,2.235,0.235,0.118,2.765,vh_med
774,SWIPE,1.158,0.105,2.474,0.421,0.053,2.737,vh_med
775,BAGGED,1.105,0.0,2.474,0.053,0.105,2.947,vh_med
776,HARDBOUND,0.467,0.0,2.067,0.133,0.267,2.867,vh_med
777,STEELINESS,1.462,0.077,2.0,1.385,0.231,2.923,vh_med
778,MODIFIABLE,1.429,0.714,2.071,1.214,0.5,2.571,vh_med
779,CHEWABLE,1.211,3.737,2.105,1.737,0.474,2.474,vh_med
780,CUM,0.846,1.538,2.462,2.692,1.538,2.385,vh_med
781,DAMAGEABLE,1.3,0.3,2.0,0.65,0.35,3.0,vh_med
782,GOT,1.5,0.5,2.25,1.812,0.5,2.75,vh_med
783,HEADPHONES,4.706,0.0,3.0,1.176,0.059,2.471,vh_med
784,OPENHANDED,0.471,0.059,2.471,0.882,0.059,2.647,vh_med
785,RECTALLY,0.118,0.0,2.294,2.176,0.059,2.235,vh_med
786,SELF,2.421,1.421,2.895,3.842,1.895,2.842,vh_med
787,STARCH,0.647,2.059,2.176,0.824,1.353,3.0,vh_med
788,HANKY,0.143,0.0,2.5,0.0,0.0,2.786,vh_med
789,BACKHAND,1.5,0.045,2.318,1.409,0.045,2.727,vh_med
790,UNDERCURRENT,1.211,0.0,2.579,1.684,0.053,2.632,vh_med
791,TAG,0.333,0.048,2.048,0.238,0.0,3.0,vh_med
792,TOUGHNESS,1.674,0.86,2.814,2.465,0.302,2.744,vh_med
793,GRUBBY,0.6,0.2,2.333,0.933,1.133,3.0,vh_med
794,UNGLUE,0.5,0.0,2.625,0.625,0.188,2.438,vh_med
795,DRANK,1.5,3.643,2.071,3.357,1.0,3.0,vh_med
796,COUNTERWEIGHT,0.211,0.053,2.105,0.421,0.053,2.895,vh_med
797,QUAKE,2.611,0.0,2.167,2.0,0.056,2.611,vh_med
798,CRANIAL,0.765,0.353,2.0,1.412,0.235,2.529,vh_med
799,WATERISH,1.067,1.4,2.0,0.733,0.333,2.467,vh_med
